id,name,email,applicant_or_recruiter,password
21,Nui Plainukool,Nui@example.com,applicant,123456
22,Kongpob Kriangsak,Kongpob@example.com,applicant,123456
23,Sajja Prinya,Sajja@example.com,applicant,123456
24,Netithorn Pumpihon,Netithorn@example.com,applicant,123456
25,Praya Damrongsak,Praya@example.com,applicant,123456
26,Phet Wongsuwon,Phet@example.com,applicant,123456
27,Praween Nut,Praween@example.com,applicant,123456
28,Thanetpol Kaouthai,Thanetpol@example.com,applicant,123456
29,Mee Pachrapa,Mee@example.com,applicant,123456
30,Ronnapee Patalung,Ronnapee@example.com,applicant,123456
31,Pada Ahunai,Pada@example.com,applicant,123456
32,Sukonta Chaiyawan,Sukonta@example.com,applicant,123456
33,Thong Singhapat,Thong@example.com,applicant,123456
34,Som Singharattanapan,Som@example.com,applicant,123456
35,Chandra Suchinda,Chandra@example.com,applicant,123456
36,Chaveevan Chaipatana,Chaveevan@example.com,applicant,123456
37,Boon-mee Shimma,Boon-mee@example.com,applicant,123456
38,Sawatdi Pookusuwan,Sawatdi@example.com,applicant,123456
39,Udom Klinpraneet,Udom@example.com,applicant,123456
40,Duangnet Willapana,Duangnet@example.com,applicant,123456
