id,name,email,applicant_or_recruiter,password,title
1,Tomiyama Yuuka,Tomiyama@example.com,recruiter,123456,Translation From Japan to Thai
2,Yamano Takeshi,Yamano@example.com,recruiter,123456,Shopping in market
3,Sakata Yuuri,Sakata@example.com,recruiter,123456,Tourguide to Chainmai
4,Sasaki Aika,Sasaki@example.com,recruiter,123456,Muay Thai instractor
5,Ooe Hana,Ooe@example.com,recruiter,123456,Driving to  School
6,Ikeda Amna,Ikeda@example.com,recruiter,123456,Translation From Japan to Thai
7,Hamada Toshiyuki,Hamada@example.com,recruiter,123456,Shopping in market
8,Yano Daisuke,Yano@example.com,recruiter,123456,Tourguide to Chainmai
9,Shimazu Haru,Shimazu@example.com,recruiter,123456,Muay Thai instractor
10,Kida Midori,Kida@example.com,recruiter,123456,Driving to  School
11,Oki Karin,Oki@example.com,recruiter,123456,Translation From Japan to Thai
12,Miyazawa Ikuyo,Miyazawa@example.com,recruiter,123456,Shopping in market
13,Kumazawa Shizuka,Kumazawa@example.com,recruiter,123456,Tourguide to Chainmai
14,Shimamoto Kana,Shimamoto@example.com,recruiter,123456,Muay Thai instractor
15,Akai Kamejirou,Akai@example.com,recruiter,123456,Driving to  School
16,Ishiyama Koto,Ishiyama@example.com,recruiter,123456,Translation From Japan to Thai
17,Kondou Rio,Kondou@example.com,recruiter,123456,Shopping in market
18,Satake Yasuo,Satake@example.com,recruiter,123456,Tourguide to Chainmai
19,Imagawa Yuki,Imagawa@example.com,recruiter,123456,Muay Thai instractor
20,Kuramochi Toshinori,Kuramochi@example.com,recruiter,123456,Driving to  School
